year,pred_mean_ndvi
2024,0.29666907988059826
2025,0.29666907988059826
2026,0.29666907988059826
2027,0.29666907988059826
2028,0.29666907988059826
2029,0.29666907988059826
2030,0.29666907988059826
